"0","dbinom(2:7,size=20,prob=.05)"
"1","[1]"
"1"," 1.886768e-01"
"1"," 5.958215e-02"
"1"," 1.332759e-02"
"1"," 2.244646e-03"
"1"," 2.953482e-04"
"1"," 3.108928e-05"
"1","
"
